,trans_date_trans_time,cc_num,merchant,category,amt,first,last,gender,street,city,state,zip,lat,long,city_pop,job,dob,trans_num,unix_time,merch_lat,merch_long,is_fraud
0,2020-06-21 12:14:25,2291163933867244,Kirlin and Sons,personal_care,2.86,Jeff,Elliott,M,351 Darlene Green,Columbia,SC,29209,33.9659,-80.9355,333497,Mechanical engineer,1968-03-19,2da90c7d74bd46a0caf3777415b3ebd3,1371816865,33.986391,-81.200714,0
1,2020-06-21 12:14:33,3573030041201292,Sporer-Keebler,personal_care,29.84,Joanne,Williams,F,3638 Marsh Union,Altonah,UT,84002,40.3207,-110.436,302,"Sales professional, IT",1990-01-17,324cc204407e99f51b0d6ca0055005e7,1371816873,39.450498,-109.960431,0
2,2020-06-21 12:14:53,3598215285024754,"Swaniawski, Nitzsche and Welch",health_fitness,41.28,Ashley,Lopez,F,9333 Valentine Point,Bellmore,NY,11710,40.6729,-73.5365,34496,"Librarian, public",1970-10-21,c81755dbbbea9d5c77f094348a7579be,1371816893,40.49581,-74.196111,0
3,2020-06-21 12:15:15,3591919803438423,Haley Group,misc_pos,60.05,Brian,Williams,M,32941 Krystal Mill Apt. 552,Titusville,FL,32780,28.5697,-80.8191,54767,Set designer,1987-07-25,2159175b9efe66dc301f149d3d5abf8c,1371816915,28.812398,-80.883061,0
4,2020-06-21 12:15:17,3526826139003047,Johnston-Casper,travel,3.19,Nathan,Massey,M,5783 Evan Roads Apt. 465,Falmouth,MI,49632,44.2529,-85.017,1126,Furniture designer,1955-07-06,57ff021bd3f328f8738bb535c302a31b,1371816917,44.959148,-85.884734,0
5,2020-06-21 12:15:37,30407675418785,Daugherty LLC,kids_pets,19.55,Danielle,Evans,F,76752 David Lodge Apt. 064,Breesport,NY,14816,42.1939,-76.7361,520,Psychotherapist,1991-10-13,798db04aaceb4febd084f1a7c404da93,1371816937,41.747157,-77.584197,0
6,2020-06-21 12:15:44,213180742685905,Romaguera Ltd,health_fitness,133.93,Kayla,Sutton,F,010 Weaver Land,Carlotta,CA,95528,40.507,-123.9743,1139,"Therapist, occupational",1951-01-15,17003d7ce534440eadb10c4750e020e5,1371816944,41.499458,-124.888729,0
7,2020-06-21 12:15:50,3589289942931264,Reichel LLC,personal_care,10.37,Paula,Estrada,F,350 Stacy Glens,Spencer,SD,57374,43.7557,-97.5936,343,"Development worker, international aid",1972-03-05,8be473af4f05fc6146ea55ace73e7ca2,1371816950,44.495498,-97.728453,0
8,2020-06-21 12:16:10,3596357274378601,"Goyette, Howell and Collier",shopping_pos,4.37,David,Everett,M,4138 David Fall,Morrisdale,PA,16858,41.0001,-78.2357,3688,Advice worker,1973-05-27,71a1da150d1ce510193d7622e08e784e,1371816970,41.546067,-78.120238,0
9,2020-06-21 12:16:11,3546897637165774,Kilback Group,food_dining,66.54,Kayla,Obrien,F,7921 Robert Port Suite 343,Prairie Hill,TX,76678,31.6591,-96.8094,263,Barrister,1956-05-30,a7915132c7c4240996ba03a47f81e3bd,1371816971,31.782919,-96.366185,0
10,2020-06-21 12:16:20,2242542703101233,"Feil, Hilpert and Koss",food_dining,7.01,Samuel,Jenkins,M,43235 Mckenzie Views Apt. 837,Westport,KY,40077,38.4921,-85.4524,564,Pensions consultant,1996-04-10,3b8e4d02d9e1a3bf97cf449eb0317f2c,1371816980,38.977546,-84.727994,0
11,2020-06-21 12:16:47,571465035400,Gottlieb Group,kids_pets,42.4,Louis,Fisher,M,45654 Hess Rest,Fort Washakie,WY,82514,43.0048,-108.8964,1645,Freight forwarder,1976-02-26,fa3071565d94fb286cb0ed398c6d61d3,1371817007,42.687774,-108.670054,0
12,2020-06-21 12:17:21,6593250708747804,Connelly-Carter,home,2.91,Melissa,Meza,F,244 Abbott Parkway,Loxahatchee,FL,33470,26.7383,-80.276,26551,Paramedic,1977-01-04,a21cb82e7d8fdbf4062f15c9422a4ca6,1371817041,26.07846,-80.569932,0
13,2020-06-21 12:18:27,4988304376504,Bechtelar-Rippin,food_dining,7.93,William,Thompson,M,977 Rita Grove Apt. 000,Rock Tavern,NY,12575,41.4575,-74.1659,2258,Building surveyor,1937-03-17,d0d2b5cca5ae19e0a07dc7ef5d51e59e,1371817107,40.71168,-73.668384,0
14,2020-06-21 12:18:37,6011504998544485,Lubowitz-Walter,kids_pets,2.91,Ashley,Whitney,F,4038 Smith Avenue,Jones,AL,36749,32.5104,-86.8138,1089,Materials engineer,1971-11-02,61dca41a9728ea5fd6db99efd59768f8,1371817117,32.721131,-87.253846,0
15,2020-06-21 12:18:41,4570636521433188,"Welch, Rath and Koepp",entertainment,24.73,Christine,Leblanc,F,5097 Jodi Vista Suite 811,Deltona,FL,32725,28.8989,-81.2473,88735,Commercial horticulturist,1988-04-09,ea11379e8aa1b08d584149d65770faee,1371817121,29.83155,-80.926829,0
16,2020-06-21 12:18:54,4.90662865584091E+018,Hickle Group,shopping_pos,2.33,Charles,Moreno,M,838 Franklin Prairie Apt. 902,Key West,FL,33040,24.6557,-81.3824,32891,Town planner,1987-02-13,00da72495351ce6bd9ecb75d51cca89b,1371817134,24.306325,-81.065169,0
17,2020-06-21 12:19:50,4908846471916297,"Lang, Towne and Schuppe",kids_pets,16.6,Lauren,Torres,F,03030 White Lakes,Grandview,TX,76050,32.2779,-97.2351,5875,"Radiographer, therapeutic",1992-07-24,67288141e8206f6f49706c1cef5b75d3,1371817190,33.182349,-97.919284,0
18,2020-06-21 12:19:56,4.86131013065257E+018,Morissette LLC,entertainment,80.11,Ashley,Cruz,F,65417 Walsh Radial Suite 691,Saint Amant,LA,70774,30.2385,-90.8435,10076,"Surveyor, rural practice",1977-12-16,71bb6ee81f9af4d2a38bf6af2b614708,1371817196,30.44999,-89.930996,0
19,2020-06-21 12:20:13,6538441737335434,Prosacco LLC,personal_care,5.71,Gina,Grimes,F,444 Robert Mews,Clarks Mills,PA,16114,41.3851,-80.1752,606,Energy manager,1997-09-22,2d7640ea4f3bcd520a3c33200c393dd8,1371817213,40.508064,-79.615158,0
20,2020-06-21 12:20:34,2283743876903625,Corwin-Romaguera,travel,8.53,Shannon,Williams,F,9345 Spencer Junctions Suite 183,Alpharetta,GA,30009,34.077,-84.3033,165556,Prison officer,1997-12-27,1650f4f052cc85af7bd417fa17d59ac5,1371817234,33.195225,-84.119083,0
21,2020-06-21 12:20:42,4.56000414998387E+018,Gottlieb Group,kids_pets,37.95,Stacy,Villegas,F,20581 Pena Walks,Colorado Springs,CO,80951,38.8881,-104.6556,525713,Museum/gallery exhibitions officer,1992-05-09,b14cd1ccf78a409c664bf071872a4384,1371817242,39.844711,-103.975632,0
22,2020-06-21 12:20:57,4562827002127,Tillman LLC,travel,1.74,Christopher,Johnson,M,28711 Kristine Junction Suite 309,Greenville,OH,45331,40.0987,-84.6342,22930,Media planner,1971-11-26,d8edb8556aad03a15e2d5702948a47fb,1371817257,40.117116,-84.175021,0
23,2020-06-21 12:21:46,213153151785052,Veum-Koelpin,travel,6.02,Rebecca,Conley,F,181 Moreno Light Apt. 215,Tomahawk,WI,54487,45.4963,-89.7273,9594,Seismic interpreter,1997-11-23,79f931ffc97dfe9966cd7d09613fe308,1371817306,45.47444,-89.539774,0
24,2020-06-21 12:21:47,372509258176510,"Watsica, Haag and Considine",shopping_pos,9.87,Kristen,Hanson,F,26544 Andrea Glen,Goodrich,MI,48438,42.9147,-83.4845,6951,Learning disability nurse,1985-06-18,df862b772cfb9ca0d621c259df11a652,1371817307,43.702833,-83.750248,0
25,2020-06-21 12:23:08,6011148190095209,Leannon-Ward,food_dining,47.06,Terri,Bailey,F,508 Erin Mount,Daly City,CA,94015,37.6787,-122.478,107941,"Buyer, industrial",1991-10-04,3dfec697170c9155ba76464e03179724,1371817388,38.048242,-123.12568,0
26,2020-06-21 12:23:09,6011917798331152,"Hintz, Bauch and Smith",health_fitness,1.7,William,Johnson,M,50843 Vincent Mission,South Londonderry,VT,5155,43.1699,-72.8515,828,Scientific laboratory technician,1957-08-30,6c58a441ceeb7dc623316c6a68158d29,1371817389,42.390565,-71.932418,0
27,2020-06-21 12:23:53,3577663406369449,Labadie LLC,personal_care,2.17,Cody,Hooper,M,7233 John Parks,Lepanto,AR,72354,35.6069,-90.3359,2470,Counselling psychologist,1968-10-06,340ad023c64e8b7d2164ca3e53620186,1371817433,36.581541,-89.680517,0
28,2020-06-21 12:24:11,3502377050801561,"Eichmann, Hayes and Treutel",travel,6.21,Kathleen,Martin,F,659 Nicole Cove Suite 560,New Waverly,TX,77358,30.5354,-95.4532,4993,"Scientist, biomedical",1948-11-30,9662b7fede7772f80331fd0abbc7909d,1371817451,31.432355,-95.537859,0
29,2020-06-21 12:24:16,180040027502291,Leffler-Goldner,personal_care,24.44,Mary,Schmidt,F,022 Moore Island,New York City,NY,10162,40.7699,-73.9511,1577385,Audiological scientist,1957-12-29,efbea5fb8c846843c13f224379ba249e,1371817456,40.951475,-74.065226,0
30,2020-06-21 12:25:09,379897244598068,Kautzer and Sons,personal_care,176.23,Frank,Key,M,5537 Jessica Plaza,Pewee Valley,KY,40056,38.3039,-85.4834,3263,Stage manager,1930-02-28,3f5587dd43e45910ba221bc3a4dfdd3f,1371817509,38.585316,-86.108185,0
31,2020-06-21 12:26:10,180048185037117,Ernser-Feest,home,134.39,Mary,Wall,F,2481 Mills Lock,Plainfield,NJ,7060,40.6152,-74.415,71485,Leisure centre manager,1974-07-19,bc7699cb759a26aa5dd58d4124febf8d,1371817570,40.196876,-74.407686,0
32,2020-06-21 12:26:13,4302475216404898,"Zemlak, Tillman and Cremin",personal_care,19.03,Daniel,Cain,M,384 Newman Forks Apt. 370,Belmond,IA,50421,42.8511,-93.62,3032,Community pharmacist,1964-08-08,cd10a7d08e9262899109c06a8e180302,1371817573,42.322809,-94.363655,0
33,2020-06-21 12:26:23,180036456789979,Nienow PLC,entertainment,210.36,Mackenzie,Salazar,F,982 Melissa Lock,Bagley,WI,53801,42.9207,-91.0685,878,Risk analyst,1974-11-20,902facfd912019350d63a3539990638e,1371817583,42.736666,-90.09971,0
34,2020-06-21 12:26:25,180065479077096,Lynch-Wisozk,home,52.81,Krystal,Gamble,F,47152 Clayton Burg,Manchester,MD,21102,39.6747,-76.8941,11751,Clinical research associate,1964-02-15,0ad27a9cf7fcb1e0774a86709cb248f1,1371817585,39.289186,-77.113659,0
35,2020-06-21 12:26:26,6517217825320610,"Feil, Hilpert and Koss",food_dining,82.32,James,Reese,M,26975 Richardson Mills Apt. 402,Sontag,MS,39665,31.6453,-90.1801,1196,"Librarian, academic",1958-06-11,5a13c85ba5d478ee2bed550c6ab71c1e,1371817586,31.422908,-90.012124,0
36,2020-06-21 12:27:08,4683520018489354,Schiller Ltd,personal_care,26.31,Charles,Carrillo,M,17547 Stephen Turnpike Apt. 846,Hawthorne,CA,90250,33.9143,-118.3493,93193,"Editor, magazine features",1995-04-19,e91e10ae4ad160e1aee1054ea96de9ba,1371817628,33.949418,-117.610248,0
37,2020-06-21 12:27:22,501899453424,Hoppe-Parisian,kids_pets,134.6,Jessica,Dominguez,F,06393 Nancy Parkways Suite 855,Gadsden,AL,35903,33.9845,-85.9077,67082,Ceramics designer,1970-01-08,cc3733b9ecedc1a7b0053bd0647cdaaa,1371817642,34.727266,-86.883794,0
38,2020-06-21 12:27:40,6011348830550197,Hoppe-Parisian,kids_pets,36.72,Samuel,Johnston,M,16285 Jessica Lights,Birmingham,AL,35229,33.4629,-86.7904,493806,Musician,1980-07-12,60a92b482a0058d2769c1ab10c55cb25,1371817660,32.761156,-85.903113,0
39,2020-06-21 12:32:39,2296006538441789,"Ruecker, Beer and Collier",shopping_net,9.23,Judy,Hogan,F,4970 Michelle Burgs,Brooklyn,NY,11217,40.6816,-73.9798,2504700,Medical sales representative,1999-09-01,6c2b797c1729405a26268c665c4e5c8d,1371817959,41.49385,-74.258146,0
40,2020-06-21 12:32:50,36722699017270,Berge-Hills,kids_pets,8.86,Jessica,Perez,F,8172 Robertson Parkways Suite 072,Superior,AZ,85173,33.2887,-111.0985,2872,Petroleum engineer,1987-10-28,bf6a53e1ba9d726edf1654d0899f533b,1371817970,32.390381,-111.567332,0
41,2020-06-21 12:32:51,213156747557083,White and Sons,home,55.53,Adam,Santos,M,725 Jo Trace Apt. 102,Glendale,CA,91206,34.1556,-118.2322,172817,Advertising account planner,1982-07-30,c97a7d07cc73cb35af508befd2bc452b,1371817971,33.623691,-118.424568,0
42,2020-06-21 12:33:21,3567697931646329,Adams-Barrows,health_fitness,2.61,John,Stevens,M,428 Morgan River,Hudson,NY,12534,42.247,-73.7552,17867,Travel agency manager,1998-07-29,07013b6fac89440c1e8f15428f93b7f4,1371818001,41.502652,-73.721972,0
43,2020-06-21 12:33:30,4988304376504,Crona and Sons,kids_pets,1.93,William,Thompson,M,977 Rita Grove Apt. 000,Rock Tavern,NY,12575,41.4575,-74.1659,2258,Building surveyor,1937-03-17,c86b29ee783636aaceb7687877924f9c,1371818010,40.857733,-73.447974,0
44,2020-06-21 12:33:31,213157767990030,Bauch-Blanda,entertainment,20.03,Tara,Campbell,F,05050 Rogers Well Apt. 439,Rock Springs,WY,82901,41.606,-109.23,27971,Music therapist,1984-08-01,da32ba67b0979adb0c65a60bdb01e64c,1371818011,41.899218,-108.428107,0
45,2020-06-21 12:33:45,4509922033272157,Pouros-Haag,shopping_pos,7.93,Monica,West,F,22084 Smith Roads Suite 776,Hurley,SD,57036,43.2893,-97.1904,811,Neurosurgeon,1972-03-28,3aedf92246758786b01168d5dc5773b5,1371818025,43.795359,-96.833415,0
46,2020-06-21 12:33:58,30044330818990,"Hahn, Bahringer and McLaughlin",personal_care,20.4,Allison,Ayala,F,87665 Karen Mill Apt. 586,Fort Myers,FL,33967,26.4722,-81.8122,224256,Paramedic,1985-08-29,07dba59572da1a0db2cc95a80b002af7,1371818038,26.674733,-82.009233,0
47,2020-06-21 12:34:07,3502377050801561,Ziemann-Waters,health_fitness,181.87,Kathleen,Martin,F,659 Nicole Cove Suite 560,New Waverly,TX,77358,30.5354,-95.4532,4993,"Scientist, biomedical",1948-11-30,a6dd646fb7f598d3545ade098183cbbd,1371818047,31.152375,-95.272196,0
48,2020-06-21 12:34:35,4.71082643816485E+018,"Wuckert, Wintheiser and Friesen",home,30.72,Juan,Henry,M,9795 Lori Island Suite 346,Turner,MT,59542,48.8328,-108.3961,192,Further education lecturer,1964-01-04,18aeb4f97adbab1170c6c1b60b82c228,1371818075,48.456992,-107.518067,0
49,2020-06-21 12:35:55,4653879239169997,Bauch-Blanda,entertainment,129.58,Monica,Tucker,F,302 Christina Islands,Smiths Grove,KY,42171,37.0581,-86.1938,6841,"Therapist, sports",1999-06-06,8ec457ccddf3114213845f9d8ea1759c,1371818155,36.192355,-85.869963,0
50,2020-06-21 12:35:55,4.95682899000511E+018,Bednar PLC,kids_pets,5.13,Kenneth,Robinson,M,269 Sanchez Rapids,Elizabeth,NJ,7208,40.6747,-74.2239,124967,Operational researcher,1980-12-21,049d3ba5ef543bdabfa44b6443f3d20e,1371818155,41.131668,-75.188408,0
51,2020-06-21 12:36:17,3590736522064285,Kihn Inc,shopping_pos,189.99,Kimberly,Gonzalez,F,72966 Shannon Pass Apt. 391,Bauxite,AR,72011,34.5091,-92.4828,4074,"Scientist, audiological",1975-12-20,bb3889edf0a90703cc3e281322e9aef1,1371818177,34.44252,-92.264081,0
52,2020-06-21 12:37:03,4755696071492,Fisher Inc,shopping_net,5.37,Robert,Evans,M,01892 Patricia Vista Apt. 828,Sachse,TX,75048,32.9643,-96.6012,20328,Site engineer,1985-06-20,b75478a228cd12239ac8ec796664c665,1371818223,32.071768,-96.748077,0
53,2020-06-21 12:37:59,3542162746848552,Leffler-Goldner,personal_care,6.04,Bradley,Anderson,M,3896 Gilmore Mill,Emmons,MN,56029,43.5089,-93.4824,744,Communications engineer,1968-01-28,73cca6d94d97e2bb1a0c69d5decea9eb,1371818279,44.388218,-93.400188,0
54,2020-06-21 12:38:04,30234966027947,"Schneider, Hayes and Nikolaus",food_dining,15.49,Matthew,Lambert,M,7188 Melissa Crest Apt. 151,New Holstein,WI,53061,43.9446,-88.0911,5196,Child psychotherapist,1978-01-22,17e947f7909a4423a22a41e9fe912281,1371818284,43.52303,-88.132231,0
55,2020-06-21 12:38:05,180042946491150,"Greenholt, O'Hara and Balistreri",shopping_net,4.94,Charles,Robles,M,3337 Lisa Divide,Saint Petersburg,FL,33710,27.7898,-82.7243,341043,"Engineer, land",1989-02-28,7402f469a73cf016d793d3111306017b,1371818285,28.669762,-82.456744,0
56,2020-06-21 12:38:22,4149238353975790,Gottlieb-Hansen,personal_care,74.52,Tanner,Carroll,M,494 Burke Ports,Cokeburg,PA,15324,40.1008,-80.0652,632,Dealer,1989-04-08,069013b8389f4433e2e47ce227ccacf1,1371818302,40.067362,-80.213927,0
57,2020-06-21 12:39:10,3583793405872580,"Douglas, Schneider and Turner",shopping_pos,4.4,Beth,Lambert,F,6447 Johnson Estates Apt. 986,Roosevelt,OK,73564,34.847,-98.9836,551,Amenity horticulturist,1970-09-27,67d795902f1bdaf4d042abfaa2e37496,1371818350,34.858369,-98.135879,0
58,2020-06-21 12:39:25,3575789281659026,"Gutmann, McLaughlin and Wiza",home,71.68,Lindsay,Wilson,F,7618 Gonzales Mission,Centerview,MO,64019,38.7897,-93.8702,2368,Electronics engineer,1989-07-17,8caf8fcd904f367427bb0f699b8f7453,1371818365,39.485253,-92.983354,0
59,2020-06-21 12:39:42,3553629419254918,Champlin and Sons,home,33.97,Sharon,Johnson,F,7202 Jeffrey Mills,Conway,WA,98238,48.34,-122.3456,85,"Research officer, political party",1984-09-01,c8eebe4d993fde9d6a7cfbec8494bb59,1371818382,49.031436,-122.865744,0
60,2020-06-21 12:39:44,375248307838179,Weber and Sons,food_dining,20.87,Joshua,Mendoza,M,4215 Miranda Field Suite 326,Tallmansville,WV,26237,38.8564,-80.158,571,Accounting technician,1967-09-16,5a5a8db2cf7f2d86fa35114a841092b5,1371818384,38.416893,-79.24534,0
61,2020-06-21 12:39:45,4427805710168,Bednar PLC,kids_pets,19.41,Michelle,Rodriguez,F,1742 Brandon Squares Apt. 461,Ruidoso,NM,88355,33.3305,-105.6933,8874,Licensed conveyancer,2000-08-16,65aef2c6b0d2975569f05afdd8d23377,1371818385,33.775701,-106.03686,0
62,2020-06-21 12:39:49,371985236239474,Bartoletti and Sons,personal_care,21.57,Benjamin,Martin,M,0495 Baker Manors,Oriskany Falls,NY,13425,42.9576,-75.4838,1970,"Programmer, multimedia",1949-06-09,3c01079627483229758e02ea10811e72,1371818389,42.541989,-75.057743,0
63,2020-06-21 12:39:54,6011348830550197,Powlowski-Weimann,food_dining,19.06,Samuel,Johnston,M,16285 Jessica Lights,Birmingham,AL,35229,33.4629,-86.7904,493806,Musician,1980-07-12,e77fc08b8dcf79c20e724fea72946660,1371818394,33.936769,-86.762376,0
64,2020-06-21 12:39:56,676275912597,"Lakin, Ferry and Beatty",food_dining,60.07,Edward,Hensley,M,24318 Dixon Mills,Elk Rapids,MI,49629,44.8955,-85.4082,2223,Chief Financial Officer,1986-01-18,42d03a3e38f7c5aa63cb51a56266e771,1371818396,45.877554,-85.362472,0
65,2020-06-21 12:40:32,4173950183554608,Brown-Greenholt,entertainment,15.8,Stephen,Marshall,M,47144 Roberts Keys,Monmouth Beach,NJ,7750,40.333,-73.9809,3279,Health promotion specialist,1978-10-05,a0d3f84d700dfb8165a63087f824d381,1371818432,41.186828,-74.811464,0
66,2020-06-21 12:40:33,6011197122270059,"Terry, Johns and Bins",misc_pos,2.01,Vincent,Ward,M,06730 Joshua Isle Suite 555,North Brookfield,MA,1535,42.2665,-72.0821,4680,Field seismologist,1986-04-03,8a358086076dd14ded0409aa035d2e6f,1371818433,42.127625,-71.635136,0
67,2020-06-21 12:40:36,4.22370890636757E+018,Thiel-Thiel,entertainment,75.24,Adam,Riddle,M,27718 Mason Bypass,Mount Saint Joseph,OH,45051,39.0965,-84.6431,177,Exhibition designer,1974-05-30,eb52e370f7ed2183cf36ab2f6424c5df,1371818436,39.417127,-84.959324,0
68,2020-06-21 12:40:45,675961917837,Kuhn Group,food_dining,56.3,Christopher,Cummings,M,478 George Course Apt. 056,Sprague,NE,68438,40.6267,-96.7456,142,Chiropodist,1967-08-24,e127320e58b70c069149e3973d0eb45a,1371818445,41.41602,-95.774493,0
69,2020-06-21 12:41:34,630425673344,"Schaefer, Fay and Hilll",entertainment,5.95,Bryan,Miller,M,411 Laurie Fords,Cass,WV,24927,38.388,-79.9906,365,Special effects artist,1970-03-14,5fd8939565a1580d370082d81bbcb1f4,1371818494,38.665727,-80.435349,1
70,2020-06-21 12:42:07,4708992452821239,"Roberts, Ryan and Smith",personal_care,19.73,Jared,Walters,M,3326 Hannah Fords,Cord,AR,72524,35.8184,-91.3375,376,"Designer, ceramics/pottery",1938-09-08,ca1bd51b5324c47c68bed7bbfdd80753,1371818527,34.871462,-91.496576,1
71,2020-06-21 12:42:11,30234966027947,Stiedemann Ltd,food_dining,128.33,Matthew,Lambert,M,7188 Melissa Crest Apt. 151,New Holstein,WI,53061,43.9446,-88.0911,5196,Child psychotherapist,1978-01-22,7f736b6cf6e36cdada7694aeca3daa24,1371818531,43.051363,-87.799946,1
72,2020-06-21 12:42:29,377234009633447,Pacocha-Weissnat,kids_pets,136.16,Theresa,Blackwell,F,43576 Kristina Islands,Shenandoah Junction,WV,25442,39.3716,-77.8229,1925,Systems developer,1966-02-14,0da884d5079ef2919db75faeb328a191,1371818549,39.544819,-76.943965,1
73,2020-06-21 12:43:07,4294040533480516,Homenick LLC,personal_care,16.8,Gail,Weaver,F,979 Stewart Lake,New Ellenton,SC,29809,33.413,-81.69,2206,Biomedical scientist,1986-12-31,1023690403cb70fdd8df519f40fc9d54,1371818587,33.647548,-80.75383,1
74,2020-06-21 12:43:09,180018375329178,Cartwright PLC,kids_pets,113.89,Michelle,Woods,F,952 Joseph Throughway,Munith,MI,49259,42.3703,-84.2485,2523,Geophysicist/field seismologist,1988-03-21,c51cdf622b069ea4e183428de3e94dce,1371818589,42.225874,-83.540129,1
75,2020-06-21 12:43:14,6011438889172900,Pouros-Haag,shopping_pos,37.14,Allison,Allen,F,40624 Rebecca Spurs,De Witt,AR,72042,34.2853,-91.3336,5161,Electrical engineer,1993-04-08,80c507e5c3aba4a8602e46b842f128af,1371818594,35.026522,-90.444442,1
76,2020-06-21 12:43:58,5501083170975659,Kihn-Fritsch,food_dining,16.06,Wayne,Payne,M,587 Bradley Inlet Suite 281,Cuyahoga Falls,OH,44223,41.1464,-81.5107,47772,Equities trader,1966-01-04,04207da612fce9f0093acb23a68c11e7,1371818638,40.312539,-81.654015,1
77,2020-06-21 12:44:12,6011104316292105,Lynch Ltd,shopping_pos,1.01,Valerie,Davis,F,3861 Anderson Ramp Apt. 536,Drakes Branch,VA,23937,36.9688,-78.5615,1970,Energy engineer,1985-09-02,b1376da15c587d540fe1fce58e3f7592,1371818652,37.901707,-79.52365,1
78,2020-06-21 12:44:29,374930071163758,Klein Group,entertainment,6.98,Daniel,Escobar,M,61390 Hayes Port,Romulus,MI,48174,42.2203,-83.3583,31515,Police officer,1971-11-05,ace32c67fb8d3d030fdddad4649c9dae,1371818669,42.964421,-83.670351,1
